env,succ,coll,time,std_time,rew,std_rew,disc_freq,danger_d_min,std_danger
bl-cr,1.0,0.0,10.0075,0.8877323639476035,0.2639465767522182,0.06345616700975622,0.2692980264801399,0.06992769817447816,0.05261753372030045
