env,succ,coll,time,std_time,rew,std_rew,disc_freq,danger_d_min,std_danger
bl-cr,0.68,0.32,9.426470588235293,0.7848037684780196,0.16151612860013842,0.24130047922429967,0.19012797074954296,0.08184703339986041,0.05617044551731408
bl-sq,0.5,0.5,9.06,0.9227133899537819,0.08938954393024366,0.2751405258357926,0.12703101920236337,0.08671459906338504,0.05552326886530601
dn-cr,0.36,0.64,10.76388888888889,1.4396957197380629,-0.027427098270458975,0.21191488113076923,0.2749504296100463,0.09826825985418702,0.05579449572054904
dn-sq,0.28,0.72,11.857142857142858,1.7796325004715705,-0.08213858376981413,0.19851808967771362,0.2636849132176235,0.09185483555383134,0.05661237976964642
lg-cr,0.4,0.6,13.975,1.4809203219619886,-0.034323590484781064,0.1710019769480262,0.2205807437595517,0.09572468013459581,0.05296705595160368
lg-sq,0.38,0.62,13.960526315789474,1.3699384299810915,-0.04363490418487536,0.17800933225097432,0.2109617373319545,0.0961985444570968,0.05714633607357431
