env,succ,coll,time,std_time,rew,std_rew,disc_freq,danger_d_min,std_danger
bl-cr,0.96,0.02,11.231770833333334,1.104114459261043,0.29828454006039345,0.08914416520724122,0.010098792535675083,0.12679938057886775,0.06514739006984427
