env,succ,coll,time,std_time,rew,std_rew,disc_freq,danger_d_min,std_danger
bl-cr,0.42,0.14,16.285714285714285,3.702706309391206,0.034046090722602375,0.14334585055566892,0.04555198285101822,0.086375291428764,0.05761267295852162
bl-sq,0.26,0.02,14.961538461538462,3.37389035012618,0.04687128088717728,0.11048911170027634,0.01662870159453303,0.10536932160143775,0.05700478445537049
dn-cr,0.46,0.34,17.51086956521739,5.097142347769145,-0.03284679175874121,0.1706771624678591,0.15807962529274006,0.09655898779652787,0.0616722117006636
dn-sq,0.14,0.72,17.785714285714285,4.54035195974578,-0.1650367118771127,0.1192484268900976,0.23972039473684212,0.08765658248161043,0.06215542383545721
lg-cr,0.24,0.22,28.8125,4.965637127633606,-0.04757084058799809,0.0880242924292406,0.06659544159544159,0.0948214118575396,0.06007639201655768
lg-sq,0.16,0.24,23.65625,4.475519348355004,-0.0799833189400053,0.11294151541884748,0.09422894985808893,0.09231484221566877,0.06328581319303686
