env,succ,coll,time,std_time,rew,std_rew,disc_freq,danger_d_min,std_danger
bl-cr,0.02,0.0,14.0,0.0,-0.00017495070789246058,0.03474907455526032,0.015940274414850686,0.10961267009953778,0.06299967250053755
bl-sq,0.0,0.02,25,nan,-0.005155503191944491,0.021233967658771925,0.015218261914297157,0.08175169381758295,0.06360974106525863
dn-cr,0.04,0.02,25.875,0.375,-0.0029611391442557135,0.03654205981645507,0.00382859667206597,0.1604397598114492,0.024921935020685047
dn-sq,0.0,0.04,35,nan,-0.025677807084466094,0.055416136169248474,0.035909561105364265,0.1295761577656939,0.06318679314639904
lg-cr,0.0,0.04,35,nan,-0.010948481318876125,0.045251690758740734,0.00861812778603269,0.15465019124164944,0.048357113877657246
lg-sq,0.0,0.06,35,nan,-0.01803474021073522,0.043464327146865676,0.02820053715308863,0.12508297573664276,0.0643358915714204
