env,succ,coll,time,std_time,rew,std_rew,disc_freq,danger_d_min,std_danger
bl-cr,0.8,0.08,11.3375,2.2462120892738513,0.2236363641417391,0.16995723809867536,0.05608591885441527,0.09988516475576416,0.055665349605455626
bl-sq,0.78,0.06,12.435897435897436,3.3077792673919912,0.19937792049573702,0.16075328295790173,0.06088825214899714,0.105002649740984,0.06344912625470744
dn-cr,0.64,0.32,11.78125,3.1983577328841752,0.09087295873248273,0.2319341736770359,0.23076923076923078,0.08903844926151212,0.058236195111940434
dn-sq,0.5,0.48,13.87,5.610757524612875,-0.02276230749186627,0.21533903408740535,0.30523809523809525,0.09343726829215178,0.06144660639443413
lg-cr,0.58,0.3,18.232758620689655,4.238539840112251,0.010397921707803279,0.15938247326027202,0.09937144567494761,0.0902088947735722,0.06031036504854252
lg-sq,0.5,0.4,19.11,5.075470421547149,-0.03497745222342478,0.1464776535726726,0.18576709796672827,0.10295304322744993,0.057787121921574924
