env,succ,coll,time,std_time,rew,std_rew,disc_freq,danger_d_min,std_danger
bl-cr,0.9,0.08,11.516666666666667,2.58865044204719,0.25706312766183165,0.15903603352203055,0.05895589558955896,0.1369055344256172,0.05469219890206979
bl-sq,0.86,0.02,10.94767441860465,2.8912247643832196,0.2795324823835853,0.14841824892936523,0.04014308426073132,0.14022357118800996,0.05337354806047944
dn-cr,0.84,0.1,12.744047619047619,2.6684265557527924,0.18968753804903155,0.15721781845590563,0.11010898158586997,0.13154277689153615,0.06229991721494591
dn-sq,0.7,0.22,15.878571428571428,4.441432936633428,0.07146898632505216,0.16855849833970393,0.17937074278300358,0.134711010387748,0.05532640176163035
lg-cr,0.76,0.12,18.63157894736842,3.756895783486393,0.08384632219336531,0.11533368492335307,0.0664390756302521,0.14333739179739885,0.055132837822838905
lg-sq,0.44,0.18,20.40909090909091,4.118655902874261,0.0038511492099076133,0.11717364860458364,0.10016906170752325,0.14318808861874432,0.0522206630273886
