env,succ,coll,time,std_time,rew,std_rew,disc_freq,danger_d_min,std_danger
bl-cr,0.92,0.08,10.570652173913043,2.2236763548661767,0.2956817691549485,0.1513578955218338,0.0594541910331384,0.13047679316604976,0.053889474830697705
bl-sq,0.94,0.02,10.659574468085106,2.227980630809661,0.3128002158779989,0.12288378950028288,0.026137899954934655,0.13229895747768647,0.056183819315929674
dn-cr,0.84,0.16,11.94047619047619,2.227940488626588,0.20319313807818812,0.1827744417392377,0.13345356176735798,0.12679376762296057,0.059552150373446806
dn-sq,0.66,0.22,13.56060606060606,3.834171665427002,0.10277421758529569,0.1810022097591198,0.17287784679089027,0.12549972921183053,0.059701743230141345
lg-cr,0.72,0.08,20.131944444444443,4.4419426552432135,0.08155870752625889,0.09182797875448721,0.028488111260655,0.14342555378781147,0.04991558655205891
lg-sq,0.7,0.18,18.542857142857144,4.212009070285019,0.06164984564577922,0.14089265190943248,0.07888888888888888,0.13079729503594573,0.05719860964761732
