env,succ,coll,time,std_time,rew,std_rew,disc_freq,danger_d_min,std_danger
bl-cr,1.0,0.0,9.195,1.3002788162544217,0.38819220782783037,0.052393893018022365,0.04513322457857531,0.15771961057565503,0.04386860181142864
bl-sq,0.96,0.02,9.140625,1.0153845869299967,0.37024687435116044,0.10489706038850023,0.059353471118177,0.1310451506046785,0.04818638371897914
dn-cr,0.88,0.12,9.465909090909092,1.4728517764432036,0.2979182756858122,0.18662575075371962,0.15228147333699835,0.136513376030546,0.05069068293509429
dn-sq,0.82,0.18,8.957317073170731,1.0958658997324042,0.23966094794419107,0.21443391522799926,0.3396111786148238,0.12507277425691776,0.05591492524776063
lg-cr,0.88,0.12,13.284090909090908,1.4208181352846394,0.17069904347567014,0.14249145340627478,0.16208453016003282,0.12668192557121088,0.053856893175953074
lg-sq,0.74,0.26,13.108108108108109,1.4983555631818646,0.11558855262157675,0.1814921683123529,0.202113606340819,0.12766679434886924,0.05381215052799742
