env,succ,coll,time,std_time,rew,std_rew,disc_freq,danger_d_min,std_danger
bl-cr,0.94,0.04,10.670212765957446,1.942734954559375,0.30703209756093114,0.13084509834732214,0.025785278949835913,0.1395540553153113,0.04972090677472309
bl-sq,0.98,0.02,10.091836734693878,2.3412308584435055,0.34954347654908685,0.11034180568592374,0.032112393376818864,0.14406181930900017,0.046478775391264174
dn-cr,0.98,0.02,12.596938775510203,3.065948735597643,0.25101012676108725,0.11925911392355869,0.12257281553398058,0.12681563227530426,0.05318199884989413
dn-sq,0.88,0.12,12.363636363636363,3.3296424124883623,0.19389933645154378,0.1575214356752425,0.2484076433121019,0.13052444219740736,0.05340424648663292
lg-cr,0.82,0.08,16.786585365853657,3.285018179224374,0.1228096365067619,0.11900885849354328,0.0622876557191393,0.13236026080966862,0.05391809795846856
lg-sq,0.52,0.06,16.71153846153846,4.59027625472308,0.0792215413189625,0.10839446393957841,0.040756302521008404,0.1296880501855996,0.056155430719108286
bl-cr,0.95,0.05,11.855263157894736,2.2344724290111704,0.2670163741227145,0.12413086968102678,0.059982676483326114,0.12478410457122069,0.05992292357790165
bl-cr,0.96,0.04,11.372395833333334,2.2804635606931556,0.28220315184630046,0.1206348458692869,0.07054871220604703,0.11154378877097831,0.060640826764626045
