env,succ,coll,time,std_time,rew,std_rew,disc_freq,danger_d_min,std_danger
bl-cr,0.94,0.06,10.372340425531915,1.674966132100863,0.30586436187272886,0.14249755159887528,0.06343656343656344,0.13734695219768323,0.052274878021863556
bl-sq,0.94,0.04,10.27659574468085,2.2200932284389805,0.31567473068857865,0.1456492606447403,0.0838150289017341,0.13081082524876783,0.05459101916725635
dn-cr,0.8,0.2,11.1875,2.2849712799070363,0.19792454954662694,0.20278314900205538,0.1912464319695528,0.12827577077345298,0.058214471147713116
dn-sq,0.66,0.32,12.484848484848484,2.5951144322432294,0.06627649314000444,0.21371536899091154,0.3406492912665752,0.1163516013278247,0.0595705426598604
lg-cr,0.82,0.18,16.01829268292683,2.961331195749991,0.10214150543155456,0.14387217382823766,0.16541353383458646,0.12832312506209262,0.058325473169779825
lg-sq,0.68,0.28,15.397058823529411,2.457070864227141,0.053461362821499436,0.1797494995811397,0.18550834597875568,0.1284141736652888,0.05915755694595966
