env,succ,coll,time,std_time,rew,std_rew,disc_freq,danger_d_min,std_danger
bl-cr,0.42,0.1,16.5,3.4130352362390757,0.0504794845861397,0.12211556510977195,0.033126293995859216,0.09978951716802638,0.06330079438154963
bl-sq,0.44,0.04,13.681818181818182,3.9572874506335967,0.10069697837881264,0.15081525142773244,0.020546163849154746,0.11120751251322691,0.0674854515655793
dn-cr,0.5,0.4,15.6,5.187966846463072,0.008418692080408241,0.18113265004420614,0.15890508354070387,0.10216647563179518,0.06009801543833689
dn-sq,0.48,0.4,13.0,2.8912583765550943,-0.008037012316903392,0.20306420696734825,0.2363013698630137,0.09602417552889106,0.06097169280879721
lg-cr,0.54,0.18,19.87037037037037,5.473577259066865,0.0003308910671396659,0.12070495543576808,0.12143346267975348,0.1089682966697476,0.06239854987187834
lg-sq,0.46,0.38,19.52173913043478,4.312464898079109,-0.050496228048207296,0.14623381134544883,0.21364902506963787,0.1017263262713461,0.06667948198111454
