env,succ,coll,time,std_time,rew,std_rew,disc_freq,danger_d_min,std_danger
bl-cr,0.74,0.22,12.222972972972974,3.058983106837661,0.1625594905308963,0.20464365001667842,0.08597091531223268,0.08989699511639687,0.06097704738052162
bl-sq,0.86,0.06,11.883720930232558,3.0553749994454598,0.2306668648433824,0.16347072203920912,0.07975951903807615,0.08875484261534264,0.06462674422751251
dn-cr,0.78,0.22,11.224358974358974,3.414146133348038,0.1646861049938726,0.22533117654631363,0.21513737687921203,0.11181206870048939,0.0578453639748937
dn-sq,0.46,0.48,12.217391304347826,3.704656549699139,-0.007919629592956844,0.22747800196541987,0.2550156041016496,0.09915352390601236,0.05831163785736558
lg-cr,0.68,0.26,16.08823529411765,3.5778538346729225,0.04576224969699006,0.17643430214919137,0.13496932515337423,0.09182860150399447,0.060741511244155645
lg-sq,0.52,0.38,17.096153846153847,5.9497401862622254,-0.003353116656816912,0.16537633393862458,0.15693430656934307,0.09581957898747748,0.0595259352906511
