env,succ,coll,time,std_time,rew,std_rew,disc_freq,danger_d_min,std_danger
bl-cr,0.98,0.02,10.13265306122449,1.062584979574415,0.3382828452738703,0.08510136653102175,0.04011961126339397,0.1399521003204902,0.05485512813524493
