env,succ,coll,time,std_time,rew,std_rew,disc_freq,danger_d_min,std_danger
bl-cr,1,0,9.95,1.22474487139159,0.354491488477189,0.05207411473773,0.036180904522613,0.125627854725004,0.058911603071729
bl-sq,0.96,0.02,8.96875,1.12108694466576,0.378133009896911,0.109818247246009,0.024523160762943,0.149901279722909,0.047828504372849
dn-cr,0.92,0.08,9.46195652173913,1.41225939784634,0.314662029650438,0.168748998323685,0.136789851075565,0.131348165260516,0.056249980614399
dn-sq,0.8,0.2,9.49375,1.34453465462962,0.219613799557028,0.231157882423424,0.29300118623962,0.131014894747312,0.054001468351141
lg-cr,0.84,0.14,14.6607142857143,1.65455848355693,0.14811274512887,0.12846632702003,0.130602240896359,0.137811575590123,0.057129782838091
lg-sq,0.82,0.16,15.0548780487805,1.44356456165441,0.128779798552556,0.120835547713546,0.162280701754386,0.136808163802977,0.050284163069937
