env,succ,coll,time,std_time,rew,std_rew,disc_freq,danger_d_min,std_danger
bl-cr,1.0,0.0,8.88,1.388560405599987,0.39382026957049016,0.05378971378676698,0.0670045045045045,0.12780068308140105,0.055112559247220465
bl-sq,0.96,0.04,10.296875,2.1007539879072783,0.3221121357336315,0.12369948052449987,0.05555555555555555,0.1274231486229859,0.0574528523186328
dn-cr,0.8,0.2,10.58125,3.300751571612138,0.22055627304956527,0.22446469476205747,0.17713697219361482,0.12492130245971568,0.059499166790882956
dn-sq,0.8,0.16,11.91875,2.385756889856969,0.1802711267383971,0.1908771103581916,0.20641620937104263,0.14123014492566416,0.05349650751411587
lg-cr,0.7,0.3,15.685714285714285,2.343183775140489,0.05479032786985332,0.16892765621184044,0.18009295120061966,0.11882697955617746,0.05997084297464264
lg-sq,0.8,0.18,15.85,2.5135880728552165,0.07963485519719668,0.1555043013259845,0.2117437722419929,0.1284882398455641,0.061027299547622885
