env,succ,coll,time,std_time,rew,std_rew,disc_freq,danger_d_min,std_danger
bl-cr,0.14,0.04,10.607142857142858,1.7871422861709718,0.021546487154530863,0.11837432548260218,0.03697857948139797,0.11184495758882913,0.06112424978390886
bl-sq,0.1,0.06,15.95,3.96042926966257,0.002393374759724679,0.08544556626320884,0.023799221116399826,0.11386917731858522,0.06121705346789106
dn-cr,0.12,0.12,15.916666666666666,5.175395851741413,-0.018459694669738652,0.1055654756780902,0.04581196581196581,0.12023916020547455,0.053532356633923375
dn-sq,0.14,0.32,22.428571428571427,5.730112012296914,-0.09118455351077533,0.10248741096682916,0.12761674718196458,0.10891095389031033,0.06328166703619663
lg-cr,0.0,0.06,35,nan,-0.020020632510723627,0.06277316672490994,0.024131127636970708,0.11012750085744893,0.055425400937918624
lg-sq,0.0,0.22,35,nan,-0.051380227221097315,0.08722050528832383,0.026852659110723626,0.10849561150098007,0.05833926635538729
