env,succ,coll,time,std_time,rew,std_rew,disc_freq,danger_d_min,std_danger
bl-cr,0.92,0.08,10.929347826086957,1.9792833597409565,0.2703479478079608,0.14972933327287596,0.11348528015194682,0.12513518808213614,0.058591116357249735
bl-sq,0.84,0.02,10.970238095238095,3.3528605328636125,0.2730919003572202,0.1595019569103248,0.05549042594763579,0.15240160242869397,0.04501586776549203
dn-cr,0.8,0.2,12.8625,2.5457992359964288,0.16328838134685422,0.17448754969637437,0.15062240663900414,0.12303467729634686,0.06097139915611223
dn-sq,0.62,0.18,16.0,4.756150517165692,0.06751998597214459,0.15908061730439105,0.1898699891657638,0.12602610390141933,0.06351351183843795
lg-cr,0.8,0.06,18.8,2.672311733312564,0.10041238623751429,0.08277575819892019,0.08108108108108109,0.16046230685869736,0.04462463705533995
lg-sq,0.7,0.02,22.178571428571427,4.655093764811153,0.05890698788880029,0.07141072377473962,0.11306729264475743,0.1629038112892195,0.04078663870889449
