env,succ,coll,time,std_time,rew,std_rew,disc_freq,danger_d_min,std_danger
bl-cr,1.0,0.0,9.8,1.5483862567202025,0.3647894290436514,0.05786858679853035,0.03877551020408163,0.15397525803250148,0.045654812296694526
bl-sq,0.98,0.02,9.433673469387756,1.392193532578452,0.36760600028216733,0.09452183054309038,0.04769560557341908,0.15793636318418752,0.04426397889757364
dn-cr,0.88,0.12,9.693181818181818,1.6209421681221987,0.2887566725592034,0.18718741921889434,0.1386901485965878,0.13504328476652283,0.05723700908706283
dn-sq,0.86,0.14,9.0,1.072922546457886,0.2593697101193329,0.21783024803305562,0.30097087378640774,0.12241454714832034,0.05414512654110651
lg-cr,0.9,0.1,13.072222222222223,0.7792842553377324,0.19306997105330634,0.12446376662304134,0.14590890769850867,0.136955668903919,0.05068181900229216
lg-sq,0.86,0.14,13.029069767441861,0.7474944627732636,0.16475946537066122,0.14295569047433682,0.17913549459684122,0.13038998039750926,0.053918890381372216
