env,succ,coll,time,std_time,rew,std_rew,disc_freq,danger_d_min,std_danger
bl-cr,0.99,0.01,10.143939393939394,0.9177616800550186,0.34173420644672226,0.06502929400578807,0.05252725470763132,0.1513718245339374,0.048119984749575906
